name,key,id,url,family,family_url,type,axis,misorientation-angle,auvw1,buvw1,cuvw1,auvw2,buvw2,cuvw2,cutboxvector,cellsetting
A1--Cu--fcc--stgb-100-05.72,3780e266-b698-4837-b1ca-4a36f4294d9a,A1--Cu--fcc--stgb-100-05.72,,A1--Cu--fcc,,symmetric tilt,<100>,5.724810452223812,[0 0 1],[20 1 0],[-1 20 0],[0 0 1],[20 -1 0],[1 20 0],c,f
A1--Cu--fcc--stgb-100-08.17,1d2479e4-8907-407b-92c8-b88f3d9484e3,A1--Cu--fcc--stgb-100-08.17,,A1--Cu--fcc,,symmetric tilt,<100>,8.171233559949597,[0 0 1],[14 1 0],[-1 14 0],[0 0 1],[14 -1 0],[1 14 0],c,f
A1--Cu--fcc--stgb-100-11.42,bbcec020-aae7-4793-98bc-66fd99b53818,A1--Cu--fcc--stgb-100-11.42,,A1--Cu--fcc,,symmetric tilt,<100>,11.421186274999267,[0 0 1],[10 1 0],[-1 10 0],[0 0 1],[10 -1 0],[1 10 0],c,f
A1--Cu--fcc--stgb-100-14.25,f596e5ab-6a99-404f-a8d9-f129e80cb6c6,A1--Cu--fcc--stgb-100-14.25,,A1--Cu--fcc,,symmetric tilt,<100>,14.250032697803514,[0 0 1],[8 1 0],[-1 8 0],[0 0 1],[8 -1 0],[1 8 0],c,f
A1--Cu--fcc--stgb-100-18.92,5c4c84ed-1165-49d8-bb9a-4802d8d82e1c,A1--Cu--fcc--stgb-100-18.92,,A1--Cu--fcc,,symmetric tilt,<100>,18.924644416051226,[0 0 1],[6 1 0],[-1 6 0],[0 0 1],[6 -1 0],[1 6 0],c,f
A1--Cu--fcc--stgb-100-22.62,9c09bfc3-4721-48f5-b6bd-331b9e67ce9e,A1--Cu--fcc--stgb-100-22.62,,A1--Cu--fcc,,symmetric tilt,<100>,22.61986494804039,[0 0 1],[5 1 0],[-1 5 0],[0 0 1],[5 -1 0],[1 5 0],c,f
A1--Cu--fcc--stgb-100-25.06,f3a15f2d-819c-49a9-8c02-0f7179c4d1d5,A1--Cu--fcc--stgb-100-25.06,,A1--Cu--fcc,,symmetric tilt,<100>,25.05761541830298,[0 0 1],[9 2 0],[-2 9 0],[0 0 1],[9 -2 0],[2 9 0],c,f
A1--Cu--fcc--stgb-100-28.07,d9969b5c-6f9c-4395-8d6c-f39f98a50dd9,A1--Cu--fcc--stgb-100-28.07,,A1--Cu--fcc,,symmetric tilt,<100>,28.072486935852968,[0 0 1],[4 1 0],[-1 4 0],[0 0 1],[4 -1 0],[1 4 0],c,f
A1--Cu--fcc--stgb-100-31.89,baf2f6d4-c16c-4665-9282-788de209e452,A1--Cu--fcc--stgb-100-31.89,,A1--Cu--fcc,,symmetric tilt,<100>,31.890791801845715,[0 0 1],[7 2 0],[-2 7 0],[0 0 1],[7 -2 0],[2 7 0],c,f
A1--Cu--fcc--stgb-100-34.21,0f5fbcd6-180f-4594-b002-cce4c326e591,A1--Cu--fcc--stgb-100-34.21,,A1--Cu--fcc,,symmetric tilt,<100>,34.20545793810478,[0 0 1],[13 4 0],[-4 13 0],[0 0 1],[13 -4 0],[4 13 0],c,f
A1--Cu--fcc--stgb-100-36.87,1cd0e9a9-7904-48f6-bc2d-40cae59c8a8d,A1--Cu--fcc--stgb-100-36.87,,A1--Cu--fcc,,symmetric tilt,<100>,36.869897645844034,[0 0 1],[3 1 0],[-1 3 0],[0 0 1],[3 -1 0],[1 3 0],c,f
A1--Cu--fcc--stgb-100-39.97,d30a8e16-1209-4cd1-b0a6-67ea48d652e5,A1--Cu--fcc--stgb-100-39.97,,A1--Cu--fcc,,symmetric tilt,<100>,39.96621304379999,[0 0 1],[11 4 0],[-4 11 0],[0 0 1],[11 -4 0],[4 11 0],c,f
A1--Cu--fcc--stgb-100-43.60,a77cb7e6-8efc-4083-a01f-4619a08fadf0,A1--Cu--fcc--stgb-100-43.60,,A1--Cu--fcc,,symmetric tilt,<100>,43.60281897270359,[0 0 1],[5 2 0],[-2 5 0],[0 0 1],[5 -2 0],[2 5 0],c,f
A1--Cu--fcc--stgb-100-47.92,55a1ab3f-07d6-453d-b50b-34fced1afb7f,A1--Cu--fcc--stgb-100-47.92,,A1--Cu--fcc,,symmetric tilt,<100>,47.92497794915633,[0 0 1],[9 4 0],[-4 9 0],[0 0 1],[9 -4 0],[4 9 0],c,f
A1--Cu--fcc--stgb-100-50.40,bf8b8dfe-9fac-4b48-8a61-7ba8a81c774a,A1--Cu--fcc--stgb-100-50.40,,A1--Cu--fcc,,symmetric tilt,<100>,50.40224729095013,[0 0 1],[17 8 0],[-8 17 0],[0 0 1],[17 -8 0],[8 17 0],c,f
A1--Cu--fcc--stgb-100-53.13,90371148-afa1-4aaf-b2e5-a323ebb3c03f,A1--Cu--fcc--stgb-100-53.13,,A1--Cu--fcc,,symmetric tilt,<100>,53.13010235415598,[0 0 1],[2 1 0],[-1 2 0],[0 0 1],[2 -1 0],[1 2 0],c,f
A1--Cu--fcc--stgb-100-56.14,4f9f1156-a0d7-4895-905f-430b206c8695,A1--Cu--fcc--stgb-100-56.14,,A1--Cu--fcc,,symmetric tilt,<100>,56.14497387170592,[0 0 1],[15 8 0],[-8 15 0],[0 0 1],[15 -8 0],[8 15 0],c,f
A1--Cu--fcc--stgb-100-59.49,d6e0a602-ee4c-4ed1-9480-f4a76ef3a53f,A1--Cu--fcc--stgb-100-59.49,,A1--Cu--fcc,,symmetric tilt,<100>,59.48976259388442,[0 0 1],[7 4 0],[-4 7 0],[0 0 1],[7 -4 0],[4 7 0],c,f
A1--Cu--fcc--stgb-100-61.93,0356f1b2-cabf-423c-ae56-ae940b9d7c82,A1--Cu--fcc--stgb-100-61.93,,A1--Cu--fcc,,symmetric tilt,<100>,61.92751306414707,[0 0 1],[5 3 0],[-3 5 0],[0 0 1],[5 -3 0],[3 5 0],c,f
A1--Cu--fcc--stgb-100-63.22,62aca83e-765e-469b-94ed-86c84981e992,A1--Cu--fcc--stgb-100-63.22,,A1--Cu--fcc,,symmetric tilt,<100>,63.21500449249778,[0 0 1],[13 8 0],[-8 13 0],[0 0 1],[13 -8 0],[8 13 0],c,f
A1--Cu--fcc--stgb-100-67.38,45a3f33a-8da8-4f0d-bca1-3d911761e64a,A1--Cu--fcc--stgb-100-67.38,,A1--Cu--fcc,,symmetric tilt,<100>,67.38013505195957,[0 0 1],[3 2 0],[-2 3 0],[0 0 1],[3 -2 0],[2 3 0],c,f
A1--Cu--fcc--stgb-100-71.08,8f781e1c-c440-45ee-af88-00bc8c1b5099,A1--Cu--fcc--stgb-100-71.08,,A1--Cu--fcc,,symmetric tilt,<100>,71.07535558394876,[0 0 1],[7 5 0],[-5 7 0],[0 0 1],[7 -5 0],[5 7 0],c,f
A1--Cu--fcc--stgb-100-73.74,aaf356d4-f843-4c8c-a3df-e08c548dfab1,A1--Cu--fcc--stgb-100-73.74,,A1--Cu--fcc,,symmetric tilt,<100>,73.73979529168803,[0 0 1],[4 3 0],[-3 4 0],[0 0 1],[4 -3 0],[3 4 0],c,f
A1--Cu--fcc--stgb-100-77.32,3462bfef-af16-4e02-aad4-34b6d99c05db,A1--Cu--fcc--stgb-100-77.32,,A1--Cu--fcc,,symmetric tilt,<100>,77.31961650818018,[0 0 1],[5 4 0],[-4 5 0],[0 0 1],[5 -4 0],[4 5 0],c,f
A1--Cu--fcc--stgb-100-79.61,06d5c1b6-ee2f-4291-9bf4-d75260423b4b,A1--Cu--fcc--stgb-100-79.61,,A1--Cu--fcc,,symmetric tilt,<100>,79.61114218453038,[0 0 1],[6 5 0],[-5 6 0],[0 0 1],[6 -5 0],[5 6 0],c,f
A1--Cu--fcc--stgb-100-81.20,9d3152c7-b5b1-43e6-b2c6-2cd8bc92cd82,A1--Cu--fcc--stgb-100-81.20,,A1--Cu--fcc,,symmetric tilt,<100>,81.20258929000894,[0 0 1],[7 6 0],[-6 7 0],[0 0 1],[7 -6 0],[6 7 0],c,f
A1--Cu--fcc--stgb-100-82.37,8f81be5e-ef81-4c40-a542-eb70652b218f,A1--Cu--fcc--stgb-100-82.37,,A1--Cu--fcc,,symmetric tilt,<100>,82.37185033141931,[0 0 1],[8 7 0],[-7 8 0],[0 0 1],[8 -7 0],[7 8 0],c,f
A1--Cu--fcc--stgb-100-83.27,a22ea375-3f0a-4134-928f-a10cfab33159,A1--Cu--fcc--stgb-100-83.27,,A1--Cu--fcc,,symmetric tilt,<100>,83.26707867314042,[0 0 1],[9 8 0],[-8 9 0],[0 0 1],[9 -8 0],[8 9 0],c,f
A1--Cu--fcc--stgb-100-83.97,33660018-e71e-4c92-8fb5-2ff1e814d38d,A1--Cu--fcc--stgb-100-83.97,,A1--Cu--fcc,,symmetric tilt,<100>,83.97442499163331,[0 0 1],[10 9 0],[-9 10 0],[0 0 1],[10 -9 0],[9 10 0],c,f
